author,code1,code2,label
Martín_Melitón_1820-1886,bimo0001150601,bimo0001150602,WW
García_Lorca_Federico_1898-1936,bimo0000902796,bimo0000902810,WW
García_Lorca_Federico_1898-1936,bimo0000902796,bimo0000902803,WW
García_Lorca_Federico_1898-1936,bimo0000902796,bimo0000902805,WW
García_Lorca_Federico_1898-1936,bimo0000902796,bimo0000902804,WW
García_Lorca_Federico_1898-1936,bimo0000902803,bimo0000902810,WW
García_Lorca_Federico_1898-1936,bimo0000902803,bimo0000902805,WW
García_Lorca_Federico_1898-1936,bimo0000902803,bimo0000902804,WW
García_Lorca_Federico_1898-1936,bimo0000902805,bimo0000902810,WW
García_Lorca_Federico_1898-1936,Mimo0000902795,bimo0000902810,WW
García_Lorca_Federico_1898-1936,Mimo0000902795,bimo0000902796,WW
García_Lorca_Federico_1898-1936,Mimo0000902795,bimo0000902803,WW
García_Lorca_Federico_1898-1936,Mimo0000902795,bimo0000902805,WW
García_Lorca_Federico_1898-1936,Mimo0000902795,bimo0000902804,WW
García_Lorca_Federico_1898-1936,bimo0000902804,bimo0000902810,WW
García_Lorca_Federico_1898-1936,bimo0000902804,bimo0000902805,WW
García_Lorca_Federico_1898-1936,a5699042,bimo0001182460,WW
García_Lorca_Federico_1898-1936,a5699042,bimo0000523828,WW
García_Lorca_Federico_1898-1936,a5699042,bimo0000902683,WW
García_Lorca_Federico_1898-1936,bimo0000523828,bimo0001182460,WW
García_Lorca_Federico_1898-1936,bimo0000523828,bimo0000902683,WW
García_Lorca_Federico_1898-1936,bimo0000902683,bimo0001182460,WW
García_Lorca_Federico_1898-1936,bimo0000890107,bimo0000890152,WW
Campoamor_Ramón_de_1817-1901,bimo0000678456,bimo0001155457,WW
Campoamor_Ramón_de_1817-1901,bimo0000678537,bimo0000678538,WW
Fernández-Guerra_y_Orbe_Aureliano_1816-1894,a5122963,bimo0002306514,WW
Dumas_Alexandre_1802-1870,bimo0000797547,bimo0000797550,WW
Echegaray_José_1832-1916,bimo0000803322,bimo0000803327,WW
Canella_y_Secades_Fermín_1849-1924,bimo0000680681,bimo0000680682,WW
Cortázar_Juan_1809-1873,Mimo0002248657,bimo0000716693,WW
Sinués_María_del_Pilar_1835-1893,bimo0001450156,bimo0001450157,WW
Sinués_María_del_Pilar_1835-1893,bimo0001450155,bimo0001450156,WW
Sinués_María_del_Pilar_1835-1893,bimo0001450155,bimo0001450157,WW
Pérez_Galdós_Benito_1843-1920,bimo0001295482,bimo0001295485,WW
Pérez_Galdós_Benito_1843-1920,bimo0001295482,bimo0001295483,WW
Pérez_Galdós_Benito_1843-1920,bimo0001295481,bimo0001295485,WW
Pérez_Galdós_Benito_1843-1920,bimo0001295481,bimo0001295482,WW
Pérez_Galdós_Benito_1843-1920,bimo0001295481,bimo0001295483,WW
Pérez_Galdós_Benito_1843-1920,bimo0001295480,bimo0001295485,WW
Pérez_Galdós_Benito_1843-1920,bimo0001295480,bimo0001295482,WW
Pérez_Galdós_Benito_1843-1920,bimo0001295480,bimo0001295481,WW
Pérez_Galdós_Benito_1843-1920,bimo0001295480,bimo0001295483,WW
Pérez_Galdós_Benito_1843-1920,bimo0001295483,bimo0001295485,WW
Pérez_Galdós_Benito_1843-1920,bimo0001295622,bimo0001965863,WW
Pérez_Galdós_Benito_1843-1920,bimo0001295622,bimo0001295623,WW
Pérez_Galdós_Benito_1843-1920,bimo0001295622,bimo0001965833,WW
Pérez_Galdós_Benito_1843-1920,bimo0001295622,bimo0001295624,WW
Pérez_Galdós_Benito_1843-1920,bimo0001295623,bimo0001965863,WW
Pérez_Galdós_Benito_1843-1920,bimo0001295623,bimo0001965833,WW
Pérez_Galdós_Benito_1843-1920,bimo0001295623,bimo0001295624,WW
Pérez_Galdós_Benito_1843-1920,bimo0001965833,bimo0001965863,WW
Pérez_Galdós_Benito_1843-1920,bimo0001295624,bimo0001965863,WW
Pérez_Galdós_Benito_1843-1920,bimo0001295624,bimo0001965833,WW
Pérez_Galdós_Benito_1843-1920,bimo0001295390,bimo0001295392,WW
Pérez_Galdós_Benito_1843-1920,bimo0001295390,bimo0001295391,WW
Pérez_Galdós_Benito_1843-1920,bimo0001295391,bimo0001295392,WW
Pérez_Galdós_Benito_1843-1920,a5232513,bimo0001983209,WW
Pérez_Galdós_Benito_1843-1920,a5232513,bimo0001982324,WW
Pérez_Galdós_Benito_1843-1920,bimo0001982324,bimo0001983209,WW
Pérez_Galdós_Benito_1843-1920,bimo0001295446,bimo0001371359,WW
Pérez_Galdós_Benito_1843-1920,a5205873,bimo0002093277,WW
Pérez_Galdós_Benito_1843-1920,a5205873,bimo0000317283,WW
Pérez_Galdós_Benito_1843-1920,bimo0000317283,bimo0002093277,WW
Pérez_Galdós_Benito_1843-1920,Mimo0002092521,a5205873,WW
Pérez_Galdós_Benito_1843-1920,Mimo0002092521,bimo0002093277,WW
Pérez_Galdós_Benito_1843-1920,Mimo0002092521,bimo0000317283,WW
Pérez_Galdós_Benito_1843-1920,a5534641,bimo0001295556,WW
Pérez_Galdós_Benito_1843-1920,Mimo0001295555,a5534641,WW
Pérez_Galdós_Benito_1843-1920,Mimo0001295555,bimo0001295556,WW
Pérez_Galdós_Benito_1843-1920,Mimo0002189997,bimo0001295397,WW
Pérez_Galdós_Benito_1843-1920,Mimo0002189997,bimo0001295398,WW
Pérez_Galdós_Benito_1843-1920,Mimo0002189997,bimo0001295402,WW
Pérez_Galdós_Benito_1843-1920,bimo0001295397,bimo0001295398,WW
Pérez_Galdós_Benito_1843-1920,bimo0001295397,bimo0001295402,WW
Pérez_Galdós_Benito_1843-1920,bimo0001295398,bimo0001295402,WW
Pérez_Galdós_Benito_1843-1920,bimo0001295396,bimo0001295401,WW
Pérez_Galdós_Benito_1843-1920,bimo0001295396,bimo0001295399,WW
Pérez_Galdós_Benito_1843-1920,bimo0001295399,bimo0001295401,WW
Pérez_Galdós_Benito_1843-1920,bimo0001295307,bimo0001295308,WW
Pérez_Galdós_Benito_1843-1920,Mimo0001295310,bimo0001295307,WW
Pérez_Galdós_Benito_1843-1920,Mimo0001295310,bimo0001295308,WW
Pérez_Galdós_Benito_1843-1920,bimo0001295281,bimo0001295285,WW
Pérez_Galdós_Benito_1843-1920,bimo0001295281,bimo0001295283,WW
Pérez_Galdós_Benito_1843-1920,bimo0001295283,bimo0001295285,WW
Pérez_Galdós_Benito_1843-1920,bimo0001295280,bimo0001295281,WW
Pérez_Galdós_Benito_1843-1920,bimo0001295280,bimo0001295285,WW
Pérez_Galdós_Benito_1843-1920,bimo0001295280,bimo0001295283,WW
Pérez_Galdós_Benito_1843-1920,Mimo0001295521,bimo0001295519,WW
Pérez_Galdós_Benito_1843-1920,Mimo0001295521,bimo0001544637,WW
Pérez_Galdós_Benito_1843-1920,Mimo0001295521,bimo0001295602,WW
Pérez_Galdós_Benito_1843-1920,bimo0001295519,bimo0001544637,WW
Pérez_Galdós_Benito_1843-1920,bimo0001295519,bimo0001295602,WW
Pérez_Galdós_Benito_1843-1920,bimo0001295602,bimo0001544637,WW
Pérez_Galdós_Benito_1843-1920,bimo0001295506,bimo0001295508,WW
Pérez_Galdós_Benito_1843-1920,bimo0001146724,bimo0001295506,WW
Pérez_Galdós_Benito_1843-1920,bimo0001146724,bimo0001295508,WW
Pérez_Galdós_Benito_1843-1920,bimo0001146724,bimo0001295505,WW
Pérez_Galdós_Benito_1843-1920,bimo0000878881,bimo0001295506,WW
Pérez_Galdós_Benito_1843-1920,bimo0000878881,bimo0001295508,WW
Pérez_Galdós_Benito_1843-1920,bimo0000878881,bimo0001146724,WW
Pérez_Galdós_Benito_1843-1920,bimo0000878881,bimo0001295505,WW
Pérez_Galdós_Benito_1843-1920,bimo0001295505,bimo0001295506,WW
Pérez_Galdós_Benito_1843-1920,bimo0001295505,bimo0001295508,WW
Pérez_Galdós_Benito_1843-1920,bimo0001295463,bimo0001908062,WW
Pérez_Galdós_Benito_1843-1920,bimo0001295463,bimo0001295464,WW
Pérez_Galdós_Benito_1843-1920,bimo0001295464,bimo0001908062,WW
Pérez_Galdós_Benito_1843-1920,bimo0001295461,bimo0001295463,WW
Pérez_Galdós_Benito_1843-1920,bimo0001295461,bimo0001908062,WW
Pérez_Galdós_Benito_1843-1920,bimo0001295461,bimo0001295464,WW
Pérez_Galdós_Benito_1843-1920,bimo0001295461,bimo0001295462,WW
Pérez_Galdós_Benito_1843-1920,bimo0001295462,bimo0001295463,WW
Pérez_Galdós_Benito_1843-1920,bimo0001295462,bimo0001908062,WW
Pérez_Galdós_Benito_1843-1920,bimo0001295462,bimo0001295464,WW
Pérez_Galdós_Benito_1843-1920,bimo0001295340,bimo0002092534,WW
Pérez_Galdós_Benito_1843-1920,a5205817,bimo0001830397,WW
Pérez_Galdós_Benito_1843-1920,bimo0001295458,bimo0001295459,WW
Pérez_Galdós_Benito_1843-1920,a5377467,a5503582,WW
Pérez_Galdós_Benito_1843-1920,a5504040,bimo0002342817,WW
Pérez_Galdós_Benito_1843-1920,a5205861,bimo0000317260,WW
Pérez_Galdós_Benito_1843-1920,a5205861,bimo0001295334,WW
Pérez_Galdós_Benito_1843-1920,bimo0000317260,bimo0001295334,WW
Pérez_Galdós_Benito_1843-1920,a5389257,bimo0001510883,WW
Pérez_Galdós_Benito_1843-1920,a5389257,bimo0001990434,WW
Pérez_Galdós_Benito_1843-1920,bimo0001510883,bimo0001990434,WW
Pérez_Galdós_Benito_1843-1920,a5377423,bimo0000051672,WW
Pérez_Galdós_Benito_1843-1920,bimo0000427080,bimo0001295294,WW
Pérez_Galdós_Benito_1843-1920,bimo0001991002,bimo0002092535,WW
Pérez_Galdós_Benito_1843-1920,a5205878,bimo0002092535,WW
Pérez_Galdós_Benito_1843-1920,a5205878,bimo0001991002,WW
Pérez_Galdós_Benito_1843-1920,a5205783,bimo0000410219,WW
Pérez_Galdós_Benito_1843-1920,Mimo0001295450,bimo0001295452,WW
Pérez_Galdós_Benito_1843-1920,a5205802,bimo0002092545,WW
Pérez_Galdós_Benito_1843-1920,bimo0001295354,bimo0001295355,WW
Pérez_Galdós_Benito_1843-1920,a5667758,bimo0002092695,WW
Pérez_Galdós_Benito_1843-1920,Mimo0000050324,bimo0002093276,WW
Pérez_Galdós_Benito_1843-1920,a5377487,bimo0002092532,WW
Pérez_Galdós_Benito_1843-1920,bimo0001295512,bimo0001444723,WW
Pérez_Galdós_Benito_1843-1920,bimo0001295512,bimo0001295515,WW
Pérez_Galdós_Benito_1843-1920,bimo0001295512,bimo0001295514,WW
Pérez_Galdós_Benito_1843-1920,bimo0001295515,bimo0001444723,WW
Pérez_Galdós_Benito_1843-1920,bimo0001295511,bimo0001444723,WW
Pérez_Galdós_Benito_1843-1920,bimo0001295511,bimo0001295512,WW
Pérez_Galdós_Benito_1843-1920,bimo0001295511,bimo0001295515,WW
Pérez_Galdós_Benito_1843-1920,bimo0001295511,bimo0001295514,WW
Pérez_Galdós_Benito_1843-1920,bimo0001295514,bimo0001444723,WW
Pérez_Galdós_Benito_1843-1920,bimo0001295514,bimo0001295515,WW
Pérez_Galdós_Benito_1843-1920,bimo0001295577,bimo0001295578,WW
Pérez_Galdós_Benito_1843-1920,bimo0001295421,bimo0001295422,WW
Pérez_Galdós_Benito_1843-1920,bimo0000767985,bimo0001295422,WW
Pérez_Galdós_Benito_1843-1920,bimo0000767985,bimo0001295421,WW
Pérez_Galdós_Benito_1843-1920,Mimo0001295418,bimo0001295422,WW
Pérez_Galdós_Benito_1843-1920,Mimo0001295418,bimo0001295421,WW
Pérez_Galdós_Benito_1843-1920,Mimo0001295418,bimo0000767985,WW
Pérez_Galdós_Benito_1843-1920,bimo0001295619,bimo0001295620,WW
Pérez_Galdós_Benito_1843-1920,bimo0001295604,bimo0001295620,WW
Pérez_Galdós_Benito_1843-1920,bimo0001295604,bimo0001295619,WW
Pérez_Galdós_Benito_1843-1920,bimo0000410182,bimo0002092550,WW
Pérez_Galdós_Benito_1843-1920,bimo0001295299,bimo0001295300,WW
Pérez_Galdós_Benito_1843-1920,bimo0001295348,bimo0001295350,WW
Pérez_Galdós_Benito_1843-1920,bimo0001295348,bimo0001295349,WW
Pérez_Galdós_Benito_1843-1920,bimo0001295349,bimo0001295350,WW
Pérez_Galdós_Benito_1843-1920,bimo0001295347,bimo0001295348,WW
Pérez_Galdós_Benito_1843-1920,bimo0001295347,bimo0001295350,WW
Pérez_Galdós_Benito_1843-1920,bimo0001295347,bimo0001295349,WW
Pérez_Galdós_Benito_1843-1920,bimo0000869160,bimo0001295469,WW
Pérez_Galdós_Benito_1843-1920,bimo0002092542,bimo0002137706,WW
Pérez_Galdós_Benito_1843-1920,a5205837,bimo0002137706,WW
Pérez_Galdós_Benito_1843-1920,a5205837,bimo0002092542,WW
Pérez_Galdós_Benito_1843-1920,a5205837,bimo0000317292,WW
Pérez_Galdós_Benito_1843-1920,bimo0000317292,bimo0002137706,WW
Pérez_Galdós_Benito_1843-1920,bimo0000317292,bimo0002092542,WW
Pérez_Galdós_Benito_1843-1920,bimo0001295589,bimo0001295591,WW
Pérez_Galdós_Benito_1843-1920,a5205810,bimo0001510880,WW
Pérez_Galdós_Benito_1843-1920,a5205810,a5479347,WW
Pérez_Galdós_Benito_1843-1920,a5479347,bimo0001510880,WW
Pérez_Galdós_Benito_1843-1920,Mimo0000050325,a5400712,WW
Pérez_Galdós_Benito_1843-1920,Mimo0000050325,Mimo0002200980,WW
Pérez_Galdós_Benito_1843-1920,Mimo0002200980,a5400712,WW
Pérez_Galdós_Benito_1843-1920,bimo0001295517,bimo0002092544,WW
Pérez_Galdós_Benito_1843-1920,a5377455,bimo0000317267,WW
Pérez_Galdós_Benito_1843-1920,bimo0000317261,bimo0002092551,WW
Pérez_Galdós_Benito_1843-1920,a5377511,bimo0001295551,WW
Pérez_Galdós_Benito_1843-1920,bimo0001295501,bimo0001295597,WW
Pérez_Galdós_Benito_1843-1920,bimo0001295500,bimo0001295501,WW
Pérez_Galdós_Benito_1843-1920,bimo0001295500,bimo0001295597,WW
Pérez_Galdós_Benito_1843-1920,bimo0000052197,bimo0001295566,WW
Pérez_Galdós_Benito_1843-1920,bimo0000052197,bimo0000056261,WW
Pérez_Galdós_Benito_1843-1920,bimo0000056261,bimo0001295566,WW
Pérez_Galdós_Benito_1843-1920,bimo0001295490,bimo0001295491,WW
Pérez_Galdós_Benito_1843-1920,a4820085,bimo0001295588,WW
Pérez_Galdós_Benito_1843-1920,a5502266,bimo0001295289,WW
Pérez_Galdós_Benito_1843-1920,Mimo0000050323,bimo0001295317,WW
Pérez_Galdós_Benito_1843-1920,a4635066,bimo0002092537,WW
Manjón_Andrés_1846-1923,bimo0001137706,bimo0001137708,WW
Manjón_Andrés_1846-1923,bimo0001137722,bimo0001707721,WW
Ambrosio_de_Valencina_1859-1914,bimo0000552403,bimo0001640704,WW
Giner_de_los_Ríos_Hermenegildo_1847-1923,bimo0000920309,bimo0001128551,WW
Benot_Eduardo_1822-1907,bimo0000590155,bimo0000590156,WW
Picón_Jacinto_Octavio_1852-1923,a5086058,bimo0001312816,WW
Bunge_Carlos_Octavio_1875-1918,bimo0000623453,bimo0001729469,WW
Balaguer_Víctor_1824-1901,bimo0001630493,bimo0001648260,WW
Fernández_Fidel_1890-1942,bimo0000863459,bimo0000863460,WW
Blasco_Ibáñez_Vicente_1867-1928,bimo0000600562,bimo0000600563,WW
Blasco_Ibáñez_Vicente_1867-1928,bimo0000600561,bimo0000600563,WW
Blasco_Ibáñez_Vicente_1867-1928,bimo0000600561,bimo0000600562,WW
Blasco_Ibáñez_Vicente_1867-1928,bimo0000600642,bimo0000893235,WW
Blasco_Ibáñez_Vicente_1867-1928,bimo0000600675,bimo0001651053,WW
Blasco_Ibáñez_Vicente_1867-1928,bimo0000600675,bimo0000677371,WW
Blasco_Ibáñez_Vicente_1867-1928,bimo0000600675,bimo0001651052,WW
Blasco_Ibáñez_Vicente_1867-1928,bimo0000677371,bimo0001651053,WW
Blasco_Ibáñez_Vicente_1867-1928,bimo0000677371,bimo0001651052,WW
Blasco_Ibáñez_Vicente_1867-1928,bimo0001651052,bimo0001651053,WW
Blasco_Ibáñez_Vicente_1867-1928,bimo0000600651,bimo0001651862,WW
Blasco_Ibáñez_Vicente_1867-1928,Mimo0002197982,bimo0001728524,WW
Blasco_Ibáñez_Vicente_1867-1928,bimo0000600660,bimo0001494365,WW
Blasco_Ibáñez_Vicente_1867-1928,bimo0001544656,bimo0002139467,WW
Blasco_Ibáñez_Vicente_1867-1928,bimo0000600724,bimo0001394953,WW
Blasco_Ibáñez_Vicente_1867-1928,bimo0000600724,bimo0001260549,WW
Blasco_Ibáñez_Vicente_1867-1928,bimo0001260549,bimo0001394953,WW
Blasco_Ibáñez_Vicente_1867-1928,bimo0000600622,bimo0000600623,WW
Blasco_Ibáñez_Vicente_1867-1928,bimo0000600794,bimo0000600796,WW
Blasco_Ibáñez_Vicente_1867-1928,bimo0000600709,bimo0000600710,WW
Blasco_Ibáñez_Vicente_1867-1928,bimo0000600768,bimo0001651057,WW
Blasco_Ibáñez_Vicente_1867-1928,bimo0000600706,bimo0001257693,WW
Blasco_Ibáñez_Vicente_1867-1928,bimo0000837814,bimo0002045187,WW
Blasco_Ibáñez_Vicente_1867-1928,bimo0001651055,bimo0001651864,WW
Blasco_Ibáñez_Vicente_1867-1928,bimo0000600693,bimo0001651864,WW
Blasco_Ibáñez_Vicente_1867-1928,bimo0000600693,bimo0001651055,WW
Blasco_Ibáñez_Vicente_1867-1928,bimo0000600717,bimo0000600718,WW
Blasco_Ibáñez_Vicente_1867-1928,bimo0000600664,bimo0000600665,WW
Hugo_Victor_1802-1885,Mimo0001007455,bimo0001007456,WW
Ganivet_Ángel_1865-1898,bimo0000899117,bimo0002299135,WW
Fernando_VII_Rey_de_España,a4634009,a4634057,WW
Núñez_de_Arce_Gaspar_1834-1903,bimo0001246312,bimo0001246317,WW
Juderías_Julián_1877-1918,bimo0001052863,bimo0001052865,WW
Muñoz_Seca_Pedro_1879-1936,bimo0001217635,bimo0001588165,WW
Muñoz_Seca_Pedro_1879-1936,bimo0001217755,bimo0001217756,WW
Montalvo_Juan_1832-1890,bimo0000695968,bimo0001197965,WW
Casas_de_Mendoza_Nicolás_1801-1872,bimo0000733506,bimo0000733507,WW
Ortega_y_Frías_Ramón_1825-1883,bimo0000852796,bimo0001263396,WW
Santiago_Fuentes_Magdalena_de_1873-1922,bimo0001422718,bimo0001422722,WW
Mier_Elpidio_de_1865-1938,bimo0002309468,bimo0002318029,WW
Costa_Joaquín_1846-1911,bimo0000718533,bimo0002066534,WW
Costa_Joaquín_1846-1911,bimo0000718506,bimo0000718516,WW
Palacio_Valdés_Armando_1853-1938,bimo0000414919,bimo0000417885,WW
Palacio_Valdés_Armando_1853-1938,bimo0000414739,bimo0000414919,WW
Palacio_Valdés_Armando_1853-1938,bimo0000414739,bimo0000417885,WW
Palacio_Valdés_Armando_1853-1938,a4731499,bimo0001785530,WW
Palacio_Valdés_Armando_1853-1938,a4731499,bimo0001155560,WW
Palacio_Valdés_Armando_1853-1938,bimo0001155560,bimo0001785530,WW
Palacio_Valdés_Armando_1853-1938,Mimo0000065097,a4731499,WW
Palacio_Valdés_Armando_1853-1938,Mimo0000065097,bimo0001785530,WW
Palacio_Valdés_Armando_1853-1938,Mimo0000065097,bimo0001155560,WW
Palacio_Valdés_Armando_1853-1938,bimo0001785791,bimo0001973920,WW
Palacio_Valdés_Armando_1853-1938,bimo0000427399,bimo0001785791,WW
Palacio_Valdés_Armando_1853-1938,bimo0000427399,bimo0001973920,WW
Palacio_Valdés_Armando_1853-1938,bimo0000416090,bimo0000440068,WW
Beltrán_y_Rózpide_Ricardo_1852-1928,bimo0001921254,bimo0001921255,WW
Alarcón_Pedro_Antonio_de_1833-1891,a4820373,bimo0000935393,WW
Alarcón_Pedro_Antonio_de_1833-1891,bimo0001640897,bimo0001645418,WW
Alarcón_Pedro_Antonio_de_1833-1891,bimo0001640897,bimo0001640899,WW
Alarcón_Pedro_Antonio_de_1833-1891,bimo0000497181,bimo0001640897,WW
Alarcón_Pedro_Antonio_de_1833-1891,bimo0000497181,bimo0001645418,WW
Alarcón_Pedro_Antonio_de_1833-1891,bimo0000497181,bimo0001640899,WW
Alarcón_Pedro_Antonio_de_1833-1891,bimo0001640899,bimo0001645418,WW
García_Pedro_de_Alcántara_1842-1906,bimo0000900013,bimo0000900018,WW
Miró_Gabriel_1879-1930,bimo0001191167,bimo0001191169,WW
Miró_Gabriel_1879-1930,a5214806,bimo0001191167,WW
Miró_Gabriel_1879-1930,a5214806,bimo0001191169,WW
Miró_Gabriel_1879-1930,a5214052,bimo0000723737,WW
Miró_Gabriel_1879-1930,bimo0001191129,bimo0001191132,WW
Pestaña_Ángel_1886-1937,bimo0001301582,bimo0001301584,WW
Valbuena_Antonio_de_1844-1929,bimo0001539526,bimo0001539528,WW
Dicenta_Joaquín_1863-1917,bimo0000782935,bimo0001437239,WW
Valera_Juan_1824-1905,bimo0001540988,bimo0001540992,WW
Valera_Juan_1824-1905,bimo0001540988,bimo0001841097,WW
Valera_Juan_1824-1905,bimo0001540992,bimo0001841097,WW
Valera_Juan_1824-1905,bimo0001540987,bimo0001540988,WW
Valera_Juan_1824-1905,bimo0001540987,bimo0001540992,WW
Valera_Juan_1824-1905,bimo0001540987,bimo0001841097,WW
Valera_Juan_1824-1905,bimo0000878915,bimo0001541016,WW
Valera_Juan_1824-1905,bimo0000878915,bimo0001541014,WW
Valera_Juan_1824-1905,bimo0000118795,bimo0000878915,WW
Valera_Juan_1824-1905,bimo0000118795,bimo0001541016,WW
Valera_Juan_1824-1905,bimo0000118795,bimo0001541014,WW
Valera_Juan_1824-1905,bimo0001541014,bimo0001541016,WW
Valera_Juan_1824-1905,bimo0001541019,bimo0001541026,WW
Valera_Juan_1824-1905,bimo0001541019,bimo0001806355,WW
Valera_Juan_1824-1905,bimo0001541019,bimo0002183101,WW
Valera_Juan_1824-1905,bimo0001541026,bimo0001806355,WW
Valera_Juan_1824-1905,bimo0001541026,bimo0002183101,WW
Valera_Juan_1824-1905,a5158178,bimo0001541019,WW
Valera_Juan_1824-1905,a5158178,bimo0001541026,WW
Valera_Juan_1824-1905,a5158178,bimo0000769635,WW
Valera_Juan_1824-1905,a5158178,bimo0001444724,WW
Valera_Juan_1824-1905,a5158178,bimo0001806355,WW
Valera_Juan_1824-1905,a5158178,bimo0002183101,WW
Valera_Juan_1824-1905,bimo0000769635,bimo0001541019,WW
Valera_Juan_1824-1905,bimo0000769635,bimo0001541026,WW
Valera_Juan_1824-1905,bimo0000769635,bimo0001444724,WW
Valera_Juan_1824-1905,bimo0000769635,bimo0001806355,WW
Valera_Juan_1824-1905,bimo0000769635,bimo0002183101,WW
Valera_Juan_1824-1905,bimo0001444724,bimo0001541019,WW
Valera_Juan_1824-1905,bimo0001444724,bimo0001541026,WW
Valera_Juan_1824-1905,bimo0001444724,bimo0001806355,WW
Valera_Juan_1824-1905,bimo0001444724,bimo0002183101,WW
Valera_Juan_1824-1905,bimo0001806355,bimo0002183101,WW
Valera_Juan_1824-1905,bimo0001540981,bimo0001841096,WW
Valera_Juan_1824-1905,bimo0000118795,bimo0001541014,WW
Lanza_Silverio_1856-1912,Mimo0001081029,Mimo0001081030,WW
Darío_Rubén_1867-1916,bimo0001726142,bimo0001735103,WW
Hidalgo_Tablada_José_de_1814-1890,bimo0000990788,bimo0000990789,WW
Paluzíe_y_Cantalozella_Esteban_1806-1873,bimo0001271605,bimo0001271608,WW
Paluzíe_y_Cantalozella_Esteban_1806-1873,bimo0001271605,bimo0001271610,WW
Paluzíe_y_Cantalozella_Esteban_1806-1873,bimo0001271605,bimo0001271607,WW
Paluzíe_y_Cantalozella_Esteban_1806-1873,bimo0001271598,bimo0001271605,WW
Paluzíe_y_Cantalozella_Esteban_1806-1873,bimo0001271598,bimo0001271608,WW
Paluzíe_y_Cantalozella_Esteban_1806-1873,bimo0001271598,bimo0001271610,WW
Paluzíe_y_Cantalozella_Esteban_1806-1873,bimo0001271598,bimo0001271602,WW
Paluzíe_y_Cantalozella_Esteban_1806-1873,bimo0001271598,bimo0001271604,WW
Paluzíe_y_Cantalozella_Esteban_1806-1873,bimo0001271598,bimo0001271607,WW
Paluzíe_y_Cantalozella_Esteban_1806-1873,bimo0001271597,bimo0001271605,WW
Paluzíe_y_Cantalozella_Esteban_1806-1873,bimo0001271597,bimo0001271598,WW
Paluzíe_y_Cantalozella_Esteban_1806-1873,bimo0001271597,bimo0001271608,WW
Paluzíe_y_Cantalozella_Esteban_1806-1873,bimo0001271597,bimo0001271610,WW
Paluzíe_y_Cantalozella_Esteban_1806-1873,bimo0001271597,bimo0001271602,WW
Paluzíe_y_Cantalozella_Esteban_1806-1873,bimo0001271597,bimo0001271604,WW
Paluzíe_y_Cantalozella_Esteban_1806-1873,bimo0001271597,bimo0001271607,WW
Paluzíe_y_Cantalozella_Esteban_1806-1873,bimo0001271608,bimo0001271610,WW
Paluzíe_y_Cantalozella_Esteban_1806-1873,bimo0001271602,bimo0001271605,WW
Paluzíe_y_Cantalozella_Esteban_1806-1873,bimo0001271602,bimo0001271608,WW
Paluzíe_y_Cantalozella_Esteban_1806-1873,bimo0001271602,bimo0001271610,WW
Paluzíe_y_Cantalozella_Esteban_1806-1873,bimo0001271602,bimo0001271604,WW
Paluzíe_y_Cantalozella_Esteban_1806-1873,bimo0001271602,bimo0001271607,WW
Paluzíe_y_Cantalozella_Esteban_1806-1873,bimo0001271604,bimo0001271605,WW
Paluzíe_y_Cantalozella_Esteban_1806-1873,bimo0001271604,bimo0001271608,WW
Paluzíe_y_Cantalozella_Esteban_1806-1873,bimo0001271604,bimo0001271610,WW
Paluzíe_y_Cantalozella_Esteban_1806-1873,bimo0001271604,bimo0001271607,WW
Paluzíe_y_Cantalozella_Esteban_1806-1873,bimo0001271607,bimo0001271608,WW
Paluzíe_y_Cantalozella_Esteban_1806-1873,bimo0001271607,bimo0001271610,WW
Paluzíe_y_Cantalozella_Esteban_1806-1873,bimo0001271572,bimo0001271582,WW
Paluzíe_y_Cantalozella_Esteban_1806-1873,Mimo0002193863,bimo0001271572,WW
Paluzíe_y_Cantalozella_Esteban_1806-1873,Mimo0002193863,bimo0001271582,WW
Pi_y_Margall_Francisco_1824-1901,Mimo0001311614,bimo0001311607,WW
Escosura_Patricio_de_la_1807-1878,bimo0000815796,bimo0000815798,WW
Larra_Mariano_José_de_1809-1837,bimo0001082322,bimo0001495675,WW
Larra_Mariano_José_de_1809-1837,bimo0000854254,bimo0001830787,WW
Reyes_Arturo_1864-1913,bimo0001261445,bimo0001367198,WW
Arenal_Concepción_1820-1893,bimo0001646450,bimo0001704318,WW
Arenal_Concepción_1820-1893,bimo0001643669,bimo0002107138,WW
Arenal_Concepción_1820-1893,bimo0001643615,bimo0001643667,WW
Fernández_del_Villar_José_1888-1941,bimo0001282405,bimo0001393627,WW
Colmeiro_Manuel_1818-1894,bimo0000688498,bimo0000688502,WW
Colmeiro_Manuel_1818-1894,bimo0000688498,bimo0000688501,WW
Colmeiro_Manuel_1818-1894,Mimo0002248426,bimo0000688502,WW
Colmeiro_Manuel_1818-1894,Mimo0002248426,bimo0000688498,WW
Colmeiro_Manuel_1818-1894,Mimo0002248426,bimo0000688501,WW
Colmeiro_Manuel_1818-1894,bimo0000688501,bimo0000688502,WW
Colmeiro_Manuel_1818-1894,bimo0000688489,bimo0000688490,WW
Mesonero_Romanos_Ramón_de_1803-1882,bimo0000752575,bimo0001020066,WW
Mesonero_Romanos_Ramón_de_1803-1882,bimo0001178814,bimo0001178815,WW
Mesonero_Romanos_Ramón_de_1803-1882,bimo0001178813,bimo0001178814,WW
Mesonero_Romanos_Ramón_de_1803-1882,bimo0001178813,bimo0001178815,WW
Cadalso_Fernando_1858-1939,bimo0000664777,bimo0000664778,WW
Ingenieros_José_1877-1925,bimo0001025627,bimo0001025628,WW
Balmes_Jaime_1810-1848,bimo0001648721,bimo0001648722,WW
Gómez_Carrillo_Enrique_1873-1927,a4859952,bimo0000923923,WW
Zorrilla_José_1817-1893,bimo0001594635,bimo0001942504,WW
Gómez_de_Avellaneda_Gertrudis_1814-1873,a4470527,bimo0000923767,WW
Sue_Eugène_1804-1857,bimo0001469205,bimo0001469206,WW
Hernández_Miguel_1910-1942,bimo0001633300,bimo0001678450,WW
Hernández_Miguel_1910-1942,bimo0000985585,bimo0001633300,WW
Hernández_Miguel_1910-1942,bimo0000985585,bimo0001678450,WW
Hernández_Miguel_1910-1942,bimo0000985531,bimo0000985532,WW
Unamuno_Miguel_de_1864-1936,a4371568,a5374895,WW
Unamuno_Miguel_de_1864-1936,a4371568,bimo0001804589,WW
Unamuno_Miguel_de_1864-1936,a5374895,bimo0001804589,WW
Unamuno_Miguel_de_1864-1936,bimo0001516970,bimo0001516972,WW
Unamuno_Miguel_de_1864-1936,bimo0001516911,bimo0001516912,WW
Unamuno_Miguel_de_1864-1936,Mimo0001516997,bimo0001516992,WW
Unamuno_Miguel_de_1864-1936,Mimo0001516997,bimo0001516994,WW
Unamuno_Miguel_de_1864-1936,Mimo0001516997,bimo0001516995,WW
Unamuno_Miguel_de_1864-1936,bimo0001516992,bimo0001516994,WW
Unamuno_Miguel_de_1864-1936,bimo0001516992,bimo0001516995,WW
Unamuno_Miguel_de_1864-1936,bimo0001516994,bimo0001516995,WW
Unamuno_Miguel_de_1864-1936,Mimo0001516993,Mimo0001516997,WW
Unamuno_Miguel_de_1864-1936,Mimo0001516993,bimo0001516992,WW
Unamuno_Miguel_de_1864-1936,Mimo0001516993,bimo0001516994,WW
Unamuno_Miguel_de_1864-1936,Mimo0001516993,bimo0001516995,WW
Unamuno_Miguel_de_1864-1936,bimo0001516692,bimo0001516693,WW
Unamuno_Miguel_de_1864-1936,bimo0000107174,bimo0001516868,WW
Rossignon_Jules,bimo0000893174,bimo0001958546,WW
Ramón_y_Cajal_Santiago_1852-1934,bimo0001344455,bimo0001344456,WW
Pereda_José_María_de_1833-1906,bimo0001292532,bimo0001292533,WW
Pereda_José_María_de_1833-1906,bimo0001292531,bimo0001292533,WW
Pereda_José_María_de_1833-1906,bimo0001292531,bimo0001292532,WW
Pereda_José_María_de_1833-1906,a5122489,bimo0001292470,WW
Pereda_José_María_de_1833-1906,a5122489,bimo0001292468,WW
Pereda_José_María_de_1833-1906,a4856829,bimo0001292470,WW
Pereda_José_María_de_1833-1906,a4856829,a5122489,WW
Pereda_José_María_de_1833-1906,a4856829,bimo0001292468,WW
Pereda_José_María_de_1833-1906,bimo0001292468,bimo0001292470,WW
Pereda_José_María_de_1833-1906,a4855322,bimo0001292425,WW
Pereda_José_María_de_1833-1906,a4855322,a5041616,WW
Pereda_José_María_de_1833-1906,a5041616,bimo0001292425,WW
Pereda_José_María_de_1833-1906,a5119299,bimo0001292526,WW
Pereda_José_María_de_1833-1906,a5119299,bimo0001292521,WW
Pereda_José_María_de_1833-1906,a5119299,bimo0001292524,WW
Pereda_José_María_de_1833-1906,bimo0001292521,bimo0001292526,WW
Pereda_José_María_de_1833-1906,bimo0001292521,bimo0001292524,WW
Pereda_José_María_de_1833-1906,a4856821,bimo0001292526,WW
Pereda_José_María_de_1833-1906,a4856821,a5119299,WW
Pereda_José_María_de_1833-1906,a4856821,bimo0001292521,WW
Pereda_José_María_de_1833-1906,a4856821,bimo0001292524,WW
Pereda_José_María_de_1833-1906,bimo0001292524,bimo0001292526,WW
Pereda_José_María_de_1833-1906,a5116711,bimo0001292446,WW
Pereda_José_María_de_1833-1906,a5116711,bimo0001292442,WW
Pereda_José_María_de_1833-1906,a5116711,bimo0001292448,WW
Pereda_José_María_de_1833-1906,a5116711,a5116753,WW
Pereda_José_María_de_1833-1906,bimo0001292446,bimo0001292448,WW
Pereda_José_María_de_1833-1906,bimo0001292442,bimo0001292446,WW
Pereda_José_María_de_1833-1906,bimo0001292442,bimo0001292448,WW
Pereda_José_María_de_1833-1906,a5116753,bimo0001292446,WW
Pereda_José_María_de_1833-1906,a5116753,bimo0001292442,WW
Pereda_José_María_de_1833-1906,a5116753,bimo0001292448,WW
Pereda_José_María_de_1833-1906,a5123381,bimo0001673325,WW
Pereda_José_María_de_1833-1906,a5123381,bimo0001292484,WW
Pereda_José_María_de_1833-1906,a5123381,bimo0001292485,WW
Pereda_José_María_de_1833-1906,bimo0001292484,bimo0001673325,WW
Pereda_José_María_de_1833-1906,bimo0001292484,bimo0001292485,WW
Pereda_José_María_de_1833-1906,bimo0001292485,bimo0001673325,WW
Pereda_José_María_de_1833-1906,bimo0001292516,bimo0001292517,WW
Pereda_José_María_de_1833-1906,bimo0001292516,bimo0001292518,WW
Pereda_José_María_de_1833-1906,bimo0001292517,bimo0001292518,WW
Pereda_José_María_de_1833-1906,bimo0001292515,bimo0001292516,WW
Pereda_José_María_de_1833-1906,bimo0001292515,bimo0001292517,WW
Pereda_José_María_de_1833-1906,bimo0001292515,bimo0001292518,WW
Pereda_José_María_de_1833-1906,a5114416,bimo0001292516,WW
Pereda_José_María_de_1833-1906,a5114416,bimo0001292517,WW
Pereda_José_María_de_1833-1906,a5114416,bimo0001292515,WW
Pereda_José_María_de_1833-1906,a5114416,bimo0001292518,WW
Pereda_José_María_de_1833-1906,a5121330,bimo0001292510,WW
Pereda_José_María_de_1833-1906,a5121330,bimo0001292512,WW
Pereda_José_María_de_1833-1906,a5121330,bimo0001292509,WW
Pereda_José_María_de_1833-1906,bimo0001292510,bimo0001292512,WW
Pereda_José_María_de_1833-1906,bimo0001292509,bimo0001292510,WW
Pereda_José_María_de_1833-1906,bimo0001292509,bimo0001292512,WW
Pereda_José_María_de_1833-1906,a4859238,a5121330,WW
Pereda_José_María_de_1833-1906,a4859238,bimo0001292510,WW
Pereda_José_María_de_1833-1906,a4859238,bimo0001292512,WW
Pereda_José_María_de_1833-1906,a4859238,bimo0001292509,WW
Pereda_José_María_de_1833-1906,a4855889,a4855901,WW
Pereda_José_María_de_1833-1906,bimo0001292450,bimo0001292451,WW
Pereda_José_María_de_1833-1906,a5116744,bimo0001292451,WW
Pereda_José_María_de_1833-1906,a5116744,bimo0001292450,WW
Pereda_José_María_de_1833-1906,a5115971,bimo0001292451,WW
Pereda_José_María_de_1833-1906,a5115971,bimo0001292450,WW
Pereda_José_María_de_1833-1906,a5115971,a5116744,WW
Pereda_José_María_de_1833-1906,a4855328,bimo0001292430,WW
Pereda_José_María_de_1833-1906,bimo0001292411,bimo0001292413,WW
Pereda_José_María_de_1833-1906,bimo0001292411,bimo0001292412,WW
Pereda_José_María_de_1833-1906,bimo0001292412,bimo0001292413,WW
Polo_y_Peyrolón_Manuel_1846-1918,Mimo0001322543,bimo0001322541,WW
Álvarez_Alvistur_Luis_1847-1885,Mimo0001642126,Mimo0001642127,WW
Pardo_Bazán_Emilia_Condesa_de_1851-1921,bimo0001273903,bimo0001273907,WW
Pardo_Bazán_Emilia_Condesa_de_1851-1921,bimo0001273910,bimo0001596638,WW
Pardo_Bazán_Emilia_Condesa_de_1851-1921,bimo0000645148,bimo0001274024,WW
Pardo_Bazán_Emilia_Condesa_de_1851-1921,a4773493,bimo0001274024,WW
Pardo_Bazán_Emilia_Condesa_de_1851-1921,a4773493,bimo0000645148,WW
Pardo_Bazán_Emilia_Condesa_de_1851-1921,bimo0001273995,bimo0001273997,WW
Pardo_Bazán_Emilia_Condesa_de_1851-1921,a4760213,bimo0001273995,WW
Pardo_Bazán_Emilia_Condesa_de_1851-1921,a4760213,bimo0001273997,WW
Pardo_Bazán_Emilia_Condesa_de_1851-1921,a4760213,a4762167,WW
Pardo_Bazán_Emilia_Condesa_de_1851-1921,a4760213,bimo0001273994,WW
Pardo_Bazán_Emilia_Condesa_de_1851-1921,a4762167,bimo0001273995,WW
Pardo_Bazán_Emilia_Condesa_de_1851-1921,a4762167,bimo0001273997,WW
Pardo_Bazán_Emilia_Condesa_de_1851-1921,a4762167,bimo0001273994,WW
Pardo_Bazán_Emilia_Condesa_de_1851-1921,bimo0001273994,bimo0001273995,WW
Pardo_Bazán_Emilia_Condesa_de_1851-1921,bimo0001273994,bimo0001273997,WW
Pardo_Bazán_Emilia_Condesa_de_1851-1921,a4767324,bimo0001273924,WW
Pardo_Bazán_Emilia_Condesa_de_1851-1921,Mimo0000052574,a4774116,WW
Pardo_Bazán_Emilia_Condesa_de_1851-1921,bimo0001273990,bimo0001273991,WW
Pardo_Bazán_Emilia_Condesa_de_1851-1921,bimo0001273973,bimo0001273974,WW
Pardo_Bazán_Emilia_Condesa_de_1851-1921,a4764851,bimo0001273974,WW
Pardo_Bazán_Emilia_Condesa_de_1851-1921,a4764851,bimo0001273973,WW
Pardo_Bazán_Emilia_Condesa_de_1851-1921,a4766530,a4766570,WW
Hoyos_y_Vinent_Antonio_de_ca._1885-1940,bimo0001005991,bimo0001892606,WW
Hoyos_y_Vinent_Antonio_de_ca._1885-1940,bimo0001005907,bimo0001005908,WW
Hoyos_y_Vinent_Antonio_de_ca._1885-1940,bimo0001005906,bimo0001005907,WW
Hoyos_y_Vinent_Antonio_de_ca._1885-1940,bimo0001005906,bimo0001005908,WW
Hoyos_y_Vinent_Antonio_de_ca._1885-1940,bimo0001005952,bimo0001005953,WW
Roso_de_Luna_Mario_1872-1931,a5172935,bimo0001392626,WW
Bayo_Ciro_1859-1939,bimo0000598241,bimo0001441168,WW
Bayo_Ciro_1859-1939,bimo0000580095,bimo0000580097,WW
Bayo_Ciro_1859-1939,bimo0000580094,bimo0000580095,WW
Bayo_Ciro_1859-1939,bimo0000580094,bimo0000580097,WW
Monlau_Pedro_Felipe_1808-1871,bimo0001275226,bimo0001275227,WW
Giner_de_los_Ríos_Francisco_1839-1915,a5110846,bimo0000928688,WW
Flores_García_Francisco_1845-1917,bimo0000875425,bimo0001444306,WW
Díaz_y_Pérez_Nicolás_1841-1902,bimo0000780665,bimo0000780666,WW
Pérez_Lugín_Alejandro_1870-1926,bimo0001296538,bimo0001296547,WW
Pérez_Lugín_Alejandro_1870-1926,bimo0001296538,bimo0001296542,WW
Pérez_Lugín_Alejandro_1870-1926,bimo0001296538,bimo0001296543,WW
Pérez_Lugín_Alejandro_1870-1926,bimo0001296538,bimo0001296551,WW
Pérez_Lugín_Alejandro_1870-1926,bimo0001296538,bimo0001296558,WW
Pérez_Lugín_Alejandro_1870-1926,bimo0001296538,bimo0001296544,WW
Pérez_Lugín_Alejandro_1870-1926,bimo0001296547,bimo0001296551,WW
Pérez_Lugín_Alejandro_1870-1926,bimo0001296547,bimo0001296558,WW
Pérez_Lugín_Alejandro_1870-1926,bimo0001296535,bimo0001296538,WW
Pérez_Lugín_Alejandro_1870-1926,bimo0001296535,bimo0001296547,WW
Pérez_Lugín_Alejandro_1870-1926,bimo0001296535,bimo0001296542,WW
Pérez_Lugín_Alejandro_1870-1926,bimo0001296535,bimo0001296543,WW
Pérez_Lugín_Alejandro_1870-1926,bimo0001296535,bimo0001296551,WW
Pérez_Lugín_Alejandro_1870-1926,bimo0001296535,bimo0001296537,WW
Pérez_Lugín_Alejandro_1870-1926,bimo0001296535,bimo0001296558,WW
Pérez_Lugín_Alejandro_1870-1926,bimo0001296535,bimo0001296544,WW
Pérez_Lugín_Alejandro_1870-1926,bimo0001296542,bimo0001296547,WW
Pérez_Lugín_Alejandro_1870-1926,bimo0001296542,bimo0001296543,WW
Pérez_Lugín_Alejandro_1870-1926,bimo0001296542,bimo0001296551,WW
Pérez_Lugín_Alejandro_1870-1926,bimo0001296542,bimo0001296558,WW
Pérez_Lugín_Alejandro_1870-1926,bimo0001296542,bimo0001296544,WW
Pérez_Lugín_Alejandro_1870-1926,bimo0001296543,bimo0001296547,WW
Pérez_Lugín_Alejandro_1870-1926,bimo0001296543,bimo0001296551,WW
Pérez_Lugín_Alejandro_1870-1926,bimo0001296543,bimo0001296558,WW
Pérez_Lugín_Alejandro_1870-1926,bimo0001296543,bimo0001296544,WW
Pérez_Lugín_Alejandro_1870-1926,bimo0001296551,bimo0001296558,WW
Pérez_Lugín_Alejandro_1870-1926,bimo0001296537,bimo0001296538,WW
Pérez_Lugín_Alejandro_1870-1926,bimo0001296537,bimo0001296547,WW
Pérez_Lugín_Alejandro_1870-1926,bimo0001296537,bimo0001296542,WW
Pérez_Lugín_Alejandro_1870-1926,bimo0001296537,bimo0001296543,WW
Pérez_Lugín_Alejandro_1870-1926,bimo0001296537,bimo0001296551,WW
Pérez_Lugín_Alejandro_1870-1926,bimo0001296537,bimo0001296558,WW
Pérez_Lugín_Alejandro_1870-1926,bimo0001296537,bimo0001296544,WW
Pérez_Lugín_Alejandro_1870-1926,bimo0001296544,bimo0001296547,WW
Pérez_Lugín_Alejandro_1870-1926,bimo0001296544,bimo0001296551,WW
Pérez_Lugín_Alejandro_1870-1926,bimo0001296544,bimo0001296558,WW
Valle-Inclán_Ramón_del_1866-1936,bimo0001542563,bimo0001635208,WW
Valle-Inclán_Ramón_del_1866-1936,bimo0000934509,bimo0001542575,WW
Valle-Inclán_Ramón_del_1866-1936,bimo0000852998,bimo0000934509,WW
Valle-Inclán_Ramón_del_1866-1936,bimo0000852998,bimo0001542575,WW
Valle-Inclán_Ramón_del_1866-1936,a5656061,bimo0001542542,WW
Valle-Inclán_Ramón_del_1866-1936,a5804601,bimo0001542444,WW
Valle-Inclán_Ramón_del_1866-1936,bimo0001347418,bimo0001542490,WW
Valle-Inclán_Ramón_del_1866-1936,a4836240,a5804632,WW
Valle-Inclán_Ramón_del_1866-1936,bimo0001542567,bimo0001542571,WW
Valle-Inclán_Ramón_del_1866-1936,bimo0001542567,bimo0001542569,WW
Valle-Inclán_Ramón_del_1866-1936,Mimo0002192978,bimo0001542567,WW
Valle-Inclán_Ramón_del_1866-1936,Mimo0002192978,bimo0001542571,WW
Valle-Inclán_Ramón_del_1866-1936,Mimo0002192978,bimo0001542569,WW
Valle-Inclán_Ramón_del_1866-1936,Mimo0002192978,a5804528,WW
Valle-Inclán_Ramón_del_1866-1936,bimo0001542569,bimo0001542571,WW
Valle-Inclán_Ramón_del_1866-1936,a5804528,bimo0001542567,WW
Valle-Inclán_Ramón_del_1866-1936,a5804528,bimo0001542571,WW
Valle-Inclán_Ramón_del_1866-1936,a5804528,bimo0001542569,WW
Valle-Inclán_Ramón_del_1866-1936,bimo0001542476,bimo0001542478,WW
Valle-Inclán_Ramón_del_1866-1936,bimo0001542436,bimo0001542438,WW
Valle-Inclán_Ramón_del_1866-1936,bimo0001542511,bimo0002087406,WW
Valle-Inclán_Ramón_del_1866-1936,bimo0001542473,bimo0001542511,WW
Valle-Inclán_Ramón_del_1866-1936,bimo0001542473,bimo0002087406,WW
Valle-Inclán_Ramón_del_1866-1936,bimo0001542500,bimo0001542501,WW
Valle-Inclán_Ramón_del_1866-1936,bimo0001349114,bimo0001542500,WW
Valle-Inclán_Ramón_del_1866-1936,bimo0001349114,bimo0001542501,WW
Valle-Inclán_Ramón_del_1866-1936,a5832271,bimo0001542556,WW
Valle-Inclán_Ramón_del_1866-1936,Mimo0000052448,bimo0001542556,WW
Valle-Inclán_Ramón_del_1866-1936,Mimo0000052448,a5832271,WW
Valle-Inclán_Ramón_del_1866-1936,a5804574,bimo0001542442,WW
Valle-Inclán_Ramón_del_1866-1936,bimo0001241562,bimo0001542448,WW
Valle-Inclán_Ramón_del_1866-1936,a5796855,bimo0001542578,WW
Valle-Inclán_Ramón_del_1866-1936,bimo0001542431,bimo0001542434,WW
Valle-Inclán_Ramón_del_1866-1936,a5804586,bimo0001542522,WW
Valle-Inclán_Ramón_del_1866-1936,bimo0001542507,bimo0001542515,WW
Valle-Inclán_Ramón_del_1866-1936,a5804638,bimo0001542614,WW
Fernández_y_Sánchez_Ildefonso_1843-1913,bimo0000865106,bimo0000865107,WW
Bajatierra_Mauro_1884-1939,Mimo0000638728,bimo0000638727,WW
Rueda_Salvador_1857-1933,bimo0001398800,bimo0001676790,WW
Macías_y_García_Marcelo_1843-1941,Mimo0001127631,bimo0001127629,WW
Macías_y_García_Marcelo_1843-1941,Mimo0001127631,bimo0001127628,WW
Macías_y_García_Marcelo_1843-1941,bimo0001127628,bimo0001127629,WW
Castelar_Emilio_1832-1899,bimo0000647960,bimo0000647961,WW
Castelar_Emilio_1832-1899,bimo0000647958,bimo0000647961,WW
Castelar_Emilio_1832-1899,bimo0000647958,bimo0000647960,WW
Contreras_Camargo_E._1872-1939,bimo0000711252,bimo0000711253,WW
Barriobero_y_Herrán_Eduardo_1875-1939,Mimo0002247425,bimo0000576092,WW
Barriobero_y_Herrán_Eduardo_1875-1939,bimo0000576084,bimo0000576086,WW
Barriobero_y_Herrán_Eduardo_1875-1939,bimo0000576069,bimo0000576070,WW
Machado_Antonio_1875-1939,bimo0001129407,bimo0001129409,WW
Machado_Antonio_1875-1939,bimo0001129407,bimo0001129408,WW
Machado_Antonio_1875-1939,bimo0001129408,bimo0001129409,WW
Machado_Antonio_1875-1939,bimo0001129511,bimo0002180121,WW
Machado_Antonio_1875-1939,bimo0000703487,bimo0001129436,WW
Machado_Antonio_1875-1939,bimo0001129513,bimo0001129514,WW
Pérez_Escrich_Enrique_1829-1897,bimo0000058289,bimo0001295050,WW
Tamayo_y_Baus_Manuel_1829-1898,bimo0001155570,bimo0001473496,WW
Mendizábal_y_Martín_Luis_1859-1931,bimo0001175301,bimo0001175302,WW
Azaña_Manuel_1880-1940,bimo0000635619,bimo0000635620,WW
Besteiro_Julián_1870-1940,bimo0000594477,bimo0000594481,WW
Viana_Javier_de_1868-1926,bimo0001568648,bimo0001568649,WW
